confidence,iou,class,matched,type
0.8997995257377625,0.9622013903603789,cirsium-oleraceum,True,TP
0.9210652112960815,0.9335273434341717,cirsium-oleraceum,True,TP
0.8725069165229797,0.9039187050296013,cirsium-oleraceum,True,TP
0.3702167570590973,0.8454126052795258,cirsium-oleraceum,True,TP
0.9366346001625061,0.9732635432013899,cirsium-oleraceum,True,TP
0.40851086378097534,0.8567117070597556,cirsium-oleraceum,True,TP
0.3402183949947357,0.0,cirsium-oleraceum,False,FP
0.8650277853012085,0.8115334805561478,cirsium-oleraceum,True,TP
0.928969144821167,0.9250623999610061,cirsium-oleraceum,True,TP
0.8786289691925049,0.8754822974556762,cirsium-oleraceum,True,TP
0.9319964051246643,0.8545446026784479,cirsium-oleraceum,True,TP
0.9095883965492249,0.9583513258745219,cirsium-oleraceum,True,TP
0.9036371111869812,0.936001915570531,cirsium-oleraceum,True,TP
0.9297234416007996,0.8587187514871377,cirsium-oleraceum,True,TP
0.6441285014152527,0.9390177142725354,cirsium-oleraceum,True,TP
0.269951194524765,0.0,cirsium-oleraceum,False,FP
0.37386354804039,0.539375918520858,armeria-maritima,True,TP
0.3715605139732361,0.0,armeria-maritima,False,FP
0.697777271270752,0.4472148134180108,armeria-maritima,False,FP
0.7948675751686096,0.7177425210112217,armeria-maritima,True,TP
0.7816709280014038,0.8625887715228248,armeria-maritima,True,TP
0.38593772053718567,0.5445554318241721,armeria-maritima,True,TP
0.8130847215652466,0.8329351963770986,armeria-maritima,True,TP
0.36653926968574524,0.587184109996143,armeria-maritima,True,TP
0.2535646855831146,0.0,armeria-maritima,False,FP
0.853240966796875,0.9308797107317961,armeria-maritima,True,TP
0.8304197788238525,0.7918228124951882,armeria-maritima,True,TP
0.8788586854934692,0.8548821696494886,armeria-maritima,True,TP
0.5554742813110352,0.7952458727708765,armeria-maritima,True,TP
0.7967294454574585,0.5947991964957858,cirsium-oleraceum,True,TP
0.5423331260681152,0.0,cirsium-oleraceum,False,FP
0.6110166311264038,0.8436739950591642,cirsium-oleraceum,True,TP
0.5081784725189209,0.0,cirsium-oleraceum,False,FP
0.8818180561065674,0.9576251222233069,cirsium-oleraceum,True,TP
0.8805551528930664,0.9128892353184148,cirsium-oleraceum,True,TP
0.8578463196754456,0.9716082658167097,cirsium-oleraceum,True,TP
0.9626654386520386,0.978233464852211,cirsium-oleraceum,True,TP
0.9207221865653992,0.7687597765817155,cirsium-oleraceum,True,TP
0.7448026537895203,0.8460289310615258,cirsium-oleraceum,True,TP
0.9360285401344299,0.9335365975549855,cirsium-oleraceum,True,TP
0.7229176759719849,0.6720204791848401,cirsium-oleraceum,True,TP
0.31919628381729126,0.7147140362377931,cirsium-oleraceum,True,TP
0.7117027640342712,0.9879402629263432,cirsium-oleraceum,True,TP
0.3629123270511627,0.0,cirsium-oleraceum,False,FP
0.9078699946403503,0.7717694948898792,cirsium-oleraceum,True,TP
0.8126940131187439,0.9042555222738938,cirsium-oleraceum,True,TP
0.667477548122406,0.4469778594280046,cirsium-oleraceum,False,FP
0.40915071964263916,0.8088861511114045,cirsium-oleraceum,True,TP
0.9503695368766785,0.9057843956104638,cirsium-oleraceum,True,TP
0.8375293016433716,0.8734627216067993,cirsium-oleraceum,True,TP
0.7184749841690063,0.614763483739946,cirsium-oleraceum,True,TP
0.3443382680416107,0.8946306037466442,cirsium-oleraceum,True,TP
0.9592784643173218,0.9472164185451856,cirsium-oleraceum,True,TP
0.4482543170452118,0.5867800995191279,cirsium-oleraceum,True,TP
0.4363643527030945,0.0,cirsium-oleraceum,False,FP
0.6793264150619507,0.5589046883822122,cirsium-oleraceum,True,TP
0.5804493427276611,0.0,cirsium-oleraceum,False,FP
0.9468221068382263,0.948725985037568,cirsium-oleraceum,True,TP
0.706845760345459,0.9538808069285274,cirsium-oleraceum,True,TP
0.9366428256034851,0.9064680994164417,cirsium-oleraceum,True,TP
0.9207809567451477,0.8980774125599917,cirsium-oleraceum,True,TP
0.6888338327407837,0.4493980821598589,cirsium-oleraceum,False,FP
0.9334014654159546,0.9785972564647375,cirsium-oleraceum,True,TP
0.9351480603218079,0.9126325401231888,cirsium-oleraceum,True,TP
0.8587333559989929,0.9655938092580933,cirsium-oleraceum,True,TP
0.5246113538742065,0.9083490246326822,cirsium-oleraceum,True,TP
0.8689321875572205,0.6300715544975526,cirsium-oleraceum,True,TP
0.8940111994743347,0.9723366252394903,cirsium-oleraceum,True,TP
0.6182833909988403,0.7515555747944496,cirsium-oleraceum,True,TP
0.9480586647987366,0.9068647308440455,cirsium-oleraceum,True,TP
0.4381876289844513,0.8614756181348499,cirsium-oleraceum,True,TP
0.8957318663597107,0.9269285477164533,cirsium-oleraceum,True,TP
0.7000223994255066,0.8216893653677607,cirsium-oleraceum,True,TP
0.2944360375404358,0.4788467266768509,cirsium-oleraceum,False,FP
0.35585817694664,0.6323088095685282,cirsium-oleraceum,True,TP
0.2970321774482727,0.02754996790826499,cirsium-oleraceum,False,FP
0.8960522413253784,0.973903476186046,cirsium-oleraceum,True,TP
0.8234311938285828,0.8013747609593893,armeria-maritima,True,TP
0.3181246817111969,0.6109086737681416,armeria-maritima,True,TP
0.8149309158325195,0.7290258269811313,armeria-maritima,True,TP
0.7820130586624146,0.8971316919542749,armeria-maritima,True,TP
0.8476431369781494,0.9006129137629769,armeria-maritima,True,TP
0.8465415835380554,0.8870582918251565,armeria-maritima,True,TP
0.8465544581413269,0.8823171198182056,armeria-maritima,True,TP
0.2548273801803589,0.34952879897970146,armeria-maritima,False,FP
0.6800364851951599,0.7938279483117401,armeria-maritima,True,TP
0.8096804022789001,0.8576295299339953,armeria-maritima,True,TP
0.7535098791122437,0.8915632714580269,armeria-maritima,True,TP
0.35459017753601074,0.56944235384381,armeria-maritima,True,TP
0.27669987082481384,0.0,armeria-maritima,False,FP
0.8269376754760742,0.8205687094021673,armeria-maritima,True,TP
0.7237970232963562,0.8608033883332485,armeria-maritima,True,TP
0.5234926342964172,0.4007583134242855,armeria-maritima,False,FP
0.5134531259536743,0.5709127771959156,armeria-maritima,True,TP
0.8366702198982239,0.9257478881518084,armeria-maritima,True,TP
0.8397992849349976,0.8789810151724147,armeria-maritima,True,TP
0.2678249776363373,0.4720770568336733,armeria-maritima,False,FP
0.8342486023902893,0.8468280880579585,armeria-maritima,True,TP
0.5188880562782288,0.9454769246141888,armeria-maritima,True,TP
0.4782494306564331,0.7125843110583444,armeria-maritima,True,TP
0.31717896461486816,0.12088648893338408,armeria-maritima,False,FP
0.6174764037132263,0.7787456238493561,armeria-maritima,True,TP
0.8451613783836365,0.820876449149471,armeria-maritima,True,TP
0.8638348579406738,0.8411440252495122,armeria-maritima,True,TP
0.8219254612922668,0.8559105594213283,armeria-maritima,True,TP
0.6818374395370483,0.9188247449065784,daucus-carota,True,TP
0.8585039973258972,0.7031511216886772,armeria-maritima,True,TP
0.863101601600647,0.9252612212968269,armeria-maritima,True,TP
0.8360335826873779,0.8888674042271661,armeria-maritima,True,TP
0.852482795715332,0.8786769114231446,armeria-maritima,True,TP
0.7947190999984741,0.667381919567281,daucus-carota,True,TP
0.8433286547660828,0.8771530217713573,armeria-maritima,True,TP
0.8710351586341858,0.8355124215828273,armeria-maritima,True,TP
0.841547429561615,0.9248079709905827,armeria-maritima,True,TP
0.8447514176368713,0.7218308535600055,armeria-maritima,True,TP
0.9326767921447754,0.9262918282323881,cirsium-oleraceum,True,TP
0.9307095408439636,0.8899228389565883,cirsium-oleraceum,True,TP
0.8651216626167297,0.8597673881799719,cirsium-oleraceum,True,TP
0.8539672493934631,0.8983238903972245,armeria-maritima,True,TP
0.8431848287582397,0.8670161838926821,armeria-maritima,True,TP
0.9042988419532776,0.9394815136848778,cirsium-oleraceum,True,TP
0.5735358595848083,0.848416696038036,daucus-carota,True,TP
0.5707799792289734,0.8646992244939198,daucus-carota,True,TP
0.45594415068626404,0.736967668162498,daucus-carota,True,TP
0.2586950659751892,0.3477635997353774,daucus-carota,False,FP
0.8954583406448364,0.9667984646465865,armeria-maritima,True,TP
0.8929149508476257,0.6336318332713624,cirsium-oleraceum,True,TP
0.8807873129844666,0.8903288064805817,daucus-carota,True,TP
0.8428633213043213,0.8802635370436229,daucus-carota,True,TP
0.6783618927001953,0.9080923672596621,daucus-carota,True,TP
0.6007834076881409,0.567020766708501,daucus-carota,True,TP
0.3142383396625519,0.6118884794923196,daucus-carota,True,TP
0.928906261920929,0.9172950920709714,cirsium-oleraceum,True,TP
0.8869996070861816,0.9465100966944853,armeria-maritima,True,TP
0.8471051454544067,0.6908664844229567,daucus-carota,True,TP
0.9069947004318237,0.9088878978288678,centaurea-jacea,True,TP
0.9018203020095825,0.937621494366248,knautia-arvensis,True,TP
0.8914552330970764,0.8724353020033904,armeria-maritima,True,TP
0.8696386218070984,0.9098229205678372,armeria-maritima,True,TP
0.8867282271385193,0.8271033711404188,knautia-arvensis,True,TP
0.8239736557006836,0.6911753095719282,knautia-arvensis,True,TP
0.8110582828521729,0.5716486188901823,daucus-carota,True,TP
0.37512102723121643,0.0,centaurea-jacea,False,FP
0.3212008476257324,0.5248000958120685,daucus-carota,True,TP
0.8853853344917297,0.9007028462201543,centaurea-jacea,True,TP
0.9258564710617065,0.8463246085600193,armeria-maritima,True,TP
0.7491435408592224,0.7545062577458621,armeria-maritima,True,TP
0.33852458000183105,0.0,daucus-carota,False,FP
0.3344302177429199,0.6198922089707983,knautia-arvensis,True,TP
0.3179343640804291,0.0,knautia-arvensis,False,FP
0.25654175877571106,0.0,knautia-arvensis,False,FP
0.6372150778770447,0.6140864199060204,daucus-carota,True,TP
0.8632367253303528,0.715763888319326,centaurea-jacea,True,TP
0.6955798268318176,0.7954253569894015,daucus-carota,True,TP
0.7064602375030518,0.6916862316894402,lychnis-flos-cuculi,True,TP
0.8443992137908936,0.9445448864791717,lychnis-flos-cuculi,True,TP
0.8809133768081665,0.8524829897294858,centaurea-jacea,True,TP
0.8691344261169434,0.8710096527133345,knautia-arvensis,True,TP
0.527631938457489,0.0,daucus-carota,False,FP
0.9331492781639099,0.9460416726382973,knautia-arvensis,True,TP
0.869182288646698,0.881160590200465,lychnis-flos-cuculi,True,TP
0.4535627067089081,0.5728378516772137,lychnis-flos-cuculi,True,TP
0.25302085280418396,0.0,lychnis-flos-cuculi,False,FP
0.955847442150116,0.9836764075506957,cirsium-oleraceum,True,TP
0.7802055478096008,0.7757170016658033,lychnis-flos-cuculi,True,TP
0.9130704402923584,0.914599052154485,knautia-arvensis,True,TP
0.7904805541038513,0.8921886954427658,daucus-carota,True,TP
0.9190842509269714,0.8430382642573563,cirsium-oleraceum,True,TP
0.8590269088745117,0.8961926979747492,centaurea-jacea,True,TP
0.8676347732543945,0.9436366396577699,armeria-maritima,True,TP
0.8553256392478943,0.9292295102058343,armeria-maritima,True,TP
0.6714193820953369,0.7735723302440145,lychnis-flos-cuculi,True,TP
0.8147388100624084,0.9188884110388583,knautia-arvensis,True,TP
0.9206036925315857,0.9241582864940203,knautia-arvensis,True,TP
0.42361658811569214,0.9073469585334151,lychnis-flos-cuculi,True,TP
0.418521910905838,0.0,lychnis-flos-cuculi,False,FP
0.2916550040245056,0.0,lychnis-flos-cuculi,False,FP
0.8565616607666016,0.8146800767638626,lychnis-flos-cuculi,True,TP
0.8806730508804321,0.8081143970380555,centaurea-jacea,True,TP
0.8389752507209778,0.9518643534549308,lychnis-flos-cuculi,True,TP
0.936643660068512,0.9271741743007822,knautia-arvensis,True,TP
0.45657989382743835,0.9226210150187748,daucus-carota,True,TP
0.7916702628135681,0.8727304609071709,lychnis-flos-cuculi,True,TP
0.8744043707847595,0.8409576550221519,lychnis-flos-cuculi,True,TP
0.9184590578079224,0.920287081778856,knautia-arvensis,True,TP
0.7922381162643433,0.7925414176447679,lychnis-flos-cuculi,True,TP
0.8101850152015686,0.8849179675195311,lychnis-flos-cuculi,True,TP
0.8777916431427002,0.8995189792430945,armeria-maritima,True,TP
0.8683570027351379,0.8445561194840091,armeria-maritima,True,TP
0.8461509943008423,0.8554750085609498,cirsium-oleraceum,True,TP
0.8965251445770264,0.8744378342127368,daucus-carota,True,TP
0.8069040179252625,0.901566556191904,cirsium-oleraceum,True,TP
0.4110219478607178,0.2998836425299157,daucus-carota,False,FP
0.868777871131897,0.9164314634712815,daucus-carota,True,TP
0.8346041440963745,0.701033548437137,daucus-carota,True,TP
0.4654892683029175,0.638715596041484,daucus-carota,True,TP
0.27220287919044495,0.0,daucus-carota,False,FP
0.8938696980476379,0.9236065172959056,cirsium-oleraceum,True,TP
0.38397690653800964,0.9114953668380225,daucus-carota,True,TP
0.8908513188362122,0.9190867531867037,armeria-maritima,True,TP
0.8639206290245056,0.8946269703896098,daucus-carota,True,TP
0.6082260012626648,0.7054222178281567,daucus-carota,True,TP
0.2933702766895294,0.06912016481728087,daucus-carota,False,FP
0.6833088994026184,0.7499810092745631,daucus-carota,True,TP
0.5927802920341492,0.8461441228614736,daucus-carota,True,TP
0.9322676062583923,0.921970726121806,knautia-arvensis,True,TP
0.890103816986084,0.9456401375455059,armeria-maritima,True,TP
0.7620509266853333,0.9132554699053257,daucus-carota,True,TP
0.5141167044639587,0.8839026542981653,knautia-arvensis,True,TP
0.8551325798034668,0.875303358758796,centaurea-jacea,True,TP
0.7687011361122131,0.7403914916931917,knautia-arvensis,True,TP
0.9383975863456726,0.9427421915435128,knautia-arvensis,True,TP
0.8886774778366089,0.976181673564999,knautia-arvensis,True,TP
0.8584328293800354,0.8890370328536207,centaurea-jacea,True,TP
0.8671970963478088,0.9165926170584199,centaurea-jacea,True,TP
0.9083748459815979,0.8309479390603156,armeria-maritima,True,TP
0.8036862015724182,0.6223749216926696,daucus-carota,True,TP
0.9096322059631348,0.8690120645405645,daucus-carota,True,TP
0.25153306126594543,0.0,knautia-arvensis,False,FP
0.8808501362800598,0.8901956294279325,daucus-carota,True,TP
0.6102162003517151,0.6703413373388052,daucus-carota,True,TP
0.3925987780094147,0.7742949395091554,daucus-carota,True,TP
0.8859258890151978,0.8298793860256359,cirsium-oleraceum,True,TP
0.8317608833312988,0.43477697453832886,daucus-carota,False,FP
0.8722342252731323,0.8524093457386746,cirsium-oleraceum,True,TP
0.8989506363868713,0.913482389808736,armeria-maritima,True,TP
0.9361720681190491,0.9199523983682834,cirsium-oleraceum,True,TP
0.881956160068512,0.7728663794020101,cirsium-oleraceum,True,TP
0.8621699213981628,0.8658138721242318,lychnis-flos-cuculi,True,TP
0.8724818229675293,0.7070975154405161,lychnis-flos-cuculi,True,TP
0.4146597385406494,0.6881070077937004,centaurea-jacea,True,TP
0.4026835262775421,0.0,centaurea-jacea,False,FP
0.8667573928833008,0.9519773552350748,knautia-arvensis,True,TP
0.8792831897735596,0.8845827586814733,centaurea-jacea,True,TP
0.853279173374176,0.8064497510873693,lychnis-flos-cuculi,True,TP
0.9040969014167786,0.8717524451868892,knautia-arvensis,True,TP
0.8504372239112854,0.9015727591806564,centaurea-jacea,True,TP
0.9164804816246033,0.8994718237400328,lychnis-flos-cuculi,True,TP
0.9538913369178772,0.9162087061096429,knautia-arvensis,True,TP
0.9443773031234741,0.9225233321328535,lychnis-flos-cuculi,True,TP
0.9638699293136597,0.9746880889488184,lychnis-flos-cuculi,True,TP
0.9368892312049866,0.9205686407007587,knautia-arvensis,True,TP
0.8848241567611694,0.9223822777157301,centaurea-jacea,True,TP
0.908104419708252,0.9226865351066809,lychnis-flos-cuculi,True,TP
0.2545762062072754,0.0,lychnis-flos-cuculi,False,FP
0.9112991690635681,0.9170278195185864,daucus-carota,True,TP
0.4961002767086029,0.8337091491347597,daucus-carota,True,TP
0.2707970440387726,0.0,daucus-carota,False,FP
0.8382107019424438,0.43958076403865953,daucus-carota,False,FP
0.3573557138442993,0.8056481775204082,daucus-carota,True,TP
0.8219844102859497,0.7975942834517281,daucus-carota,True,TP
0.685029149055481,0.8412538210954899,daucus-carota,True,TP
0.5393855571746826,0.793948385723051,daucus-carota,True,TP
0.7992898225784302,0.6548290695177909,daucus-carota,True,TP
0.8265107274055481,0.6913080705123913,cirsium-oleraceum,True,TP
0.8178724050521851,0.808909407451701,daucus-carota,True,TP
0.8717990517616272,0.8711559467647867,cirsium-oleraceum,True,TP
0.8343067169189453,0.84583395001233,armeria-maritima,True,TP
0.8005667328834534,0.7254430130671193,armeria-maritima,True,TP
0.8973366618156433,0.9434571356840487,armeria-maritima,True,TP
0.8362072706222534,0.7961638052778389,daucus-carota,True,TP
0.8519501686096191,0.7293049610086675,daucus-carota,True,TP
0.3931345045566559,0.8360136630274021,daucus-carota,True,TP
0.8984953761100769,0.9839453449475507,knautia-arvensis,True,TP
0.8619117736816406,0.9583830983408123,knautia-arvensis,True,TP
0.5977110266685486,0.5755208811181431,daucus-carota,True,TP
0.471111536026001,0.6874070672824494,daucus-carota,True,TP
0.26567137241363525,0.0,daucus-carota,False,FP
0.9281525015830994,0.9495750306297602,knautia-arvensis,True,TP
0.9547722339630127,0.906288725677697,knautia-arvensis,True,TP
0.79080730676651,0.7951510480470263,knautia-arvensis,True,TP
0.2951154410839081,0.0,daucus-carota,False,FP
0.7136797308921814,0.94536369049553,daucus-carota,True,TP
0.2544991075992584,0.0,daucus-carota,False,FP
0.5519002079963684,0.8576440763976031,daucus-carota,True,TP
0.2891731560230255,0.0,daucus-carota,False,FP
0.7495284080505371,0.9577641999688511,knautia-arvensis,True,TP
0.8951326012611389,0.9056161152032585,daucus-carota,True,TP
0.5509271025657654,0.846165985404344,daucus-carota,True,TP
0.40878841280937195,0.0,centaurea-jacea,False,FP
0.29198965430259705,0.0,centaurea-jacea,False,FP
0.8591322898864746,0.8142273119535461,centaurea-jacea,True,TP
0.8430492281913757,0.7779244666712384,centaurea-jacea,True,TP
0.9009670615196228,0.9011208153158475,cirsium-oleraceum,True,TP
0.8314346075057983,0.9229296834885595,cirsium-oleraceum,True,TP
0.8991988301277161,0.8845812686097422,cirsium-oleraceum,True,TP
0.843894362449646,0.8228290750491992,daucus-carota,True,TP
0.9114421010017395,0.9030119970077306,daucus-carota,True,TP
0.883448600769043,0.896981040106091,armeria-maritima,True,TP
0.8226062059402466,0.769607414690125,armeria-maritima,True,TP
0.9288659691810608,0.939814862416199,lychnis-flos-cuculi,True,TP
0.8896200060844421,0.8669365745387525,cirsium-oleraceum,True,TP
0.8857365250587463,0.8880311049435962,knautia-arvensis,True,TP
0.8278564214706421,0.920343651780316,knautia-arvensis,True,TP
0.7007262110710144,0.0,daucus-carota,False,FP
0.5420319437980652,0.6849257541029149,daucus-carota,True,TP
0.8416526317596436,0.9196194033594357,lychnis-flos-cuculi,True,TP
0.7470374703407288,0.9391874382075244,cirsium-oleraceum,True,TP
0.7809029817581177,0.6989860935024019,cirsium-oleraceum,True,TP
0.7133880853652954,0.6192635107803003,daucus-carota,True,TP
0.8646771311759949,0.8754251824206997,lychnis-flos-cuculi,True,TP
0.8583879470825195,0.9538539756244103,knautia-arvensis,True,TP
0.9098302125930786,0.9745750746648336,daucus-carota,True,TP
0.7797902226448059,0.8705242141568431,daucus-carota,True,TP
0.8913018107414246,0.9033904950916779,knautia-arvensis,True,TP
0.8947658538818359,0.9669968471892599,lychnis-flos-cuculi,True,TP
0.9362426996231079,0.9301293213783138,centaurea-jacea,True,TP
0.8688707947731018,0.8524696271712296,centaurea-jacea,True,TP
0.9000200629234314,0.829889037162993,knautia-arvensis,True,TP
0.8926360607147217,0.9379534421839445,lychnis-flos-cuculi,True,TP
0.9037573337554932,0.9346090725610186,lychnis-flos-cuculi,True,TP
0.8468668460845947,0.8975036823740891,knautia-arvensis,True,TP
0.8626938462257385,0.9442046742993243,lychnis-flos-cuculi,True,TP
0.8307780027389526,0.8918096113439101,daucus-carota,True,TP
0.8092033863067627,0.8812550606842833,armeria-maritima,True,TP
0.6145510077476501,0.8476976587352526,daucus-carota,True,TP
0.8693124055862427,0.7996151871217879,armeria-maritima,True,TP
0.7478424906730652,0.8121976126286883,daucus-carota,True,TP
0.8507188558578491,0.8776709915059222,daucus-carota,True,TP
0.865234911441803,0.9535763305020827,armeria-maritima,True,TP
0.8416118025779724,0.7962176877721862,armeria-maritima,True,TP
0.8162499666213989,0.8395389368525903,armeria-maritima,True,TP
0.6934522390365601,0.7711557910756743,armeria-maritima,True,TP
0.6771684288978577,0.92671247693835,armeria-maritima,True,TP
0.5735583305358887,0.9433315671451514,daucus-carota,True,TP
0.5997821092605591,0.46324426746062713,daucus-carota,False,FP
0.4889555871486664,0.17430435447670997,daucus-carota,False,FP
0.7705479264259338,0.8626093177528932,knautia-arvensis,True,TP
0.48868998885154724,0.9700093463961951,centaurea-jacea,False,FP_wrong_class
0.8769816756248474,0.9046752659664486,knautia-arvensis,True,TP
0.26029232144355774,0.0,knautia-arvensis,False,FP
0.8350270986557007,0.8666707571864576,centaurea-jacea,True,TP
0.6536567211151123,0.7554876693139125,daucus-carota,True,TP
0.47257909178733826,0.7981117619305859,daucus-carota,True,TP
0.8468250036239624,0.791743021667295,centaurea-jacea,True,TP
0.8930920362472534,0.8017337705156338,knautia-arvensis,True,TP
0.770393967628479,0.0,daucus-carota,False,FP
0.8165999054908752,0.8830081877675157,centaurea-jacea,True,TP
0.8671755790710449,0.935331386357446,daucus-carota,True,TP
0.8702030777931213,0.8688453452629357,centaurea-jacea,True,TP
0.6905621886253357,0.7045418101514104,centaurea-jacea,True,TP
0.8678256273269653,0.8292643840316505,armeria-maritima,True,TP
0.808133602142334,0.8520918535955277,knautia-arvensis,True,TP
0.8402039408683777,0.7875881973679038,daucus-carota,True,TP
0.8641422390937805,0.8768395461698577,centaurea-jacea,True,TP
0.27211764454841614,0.7941255473424317,daucus-carota,True,TP
0.2647794783115387,0.0,centaurea-jacea,False,FP
0.8315890431404114,0.8719619829364696,armeria-maritima,True,TP
0.9425586462020874,0.9743386164969345,cirsium-oleraceum,True,TP
0.8714406490325928,0.85005602647276,armeria-maritima,True,TP
0.47368788719177246,0.5177417666241276,daucus-carota,True,TP
0.8681254982948303,0.9295021841888245,lychnis-flos-cuculi,True,TP
0.5744749903678894,0.04786690281193158,cirsium-oleraceum,False,FP
0.41222649812698364,0.5141939089271793,daucus-carota,True,TP
0.36862340569496155,0.0,daucus-carota,False,FP
0.8441546559333801,0.7547452298236574,centaurea-jacea,True,TP
0.7482978701591492,0.7975903164196383,daucus-carota,True,TP
0.6514388918876648,0.7684930761029242,knautia-arvensis,True,TP
0.5899683237075806,0.0,centaurea-jacea,False,FP
0.8703102469444275,0.9054773965929283,knautia-arvensis,True,TP
0.8922368288040161,0.8492084676357357,centaurea-jacea,True,TP
0.8504031300544739,0.8918117663230726,centaurea-jacea,True,TP
0.8116808533668518,0.7460230450706877,knautia-arvensis,True,TP
0.8396316766738892,0.7634810832114907,centaurea-jacea,True,TP
0.7919631004333496,0.814228425351082,daucus-carota,True,TP
0.7197180986404419,0.9465489274265425,lychnis-flos-cuculi,True,TP
0.788043200969696,0.7732867729251088,lychnis-flos-cuculi,True,TP
0.8402090072631836,0.9519491491917159,daucus-carota,True,TP
0.8302586674690247,0.7336655282550382,centaurea-jacea,True,TP
0.8529211282730103,0.7875720062586139,knautia-arvensis,True,TP
0.861591100692749,0.9136627795118496,centaurea-jacea,True,TP
0.7806563377380371,0.7691895275357553,knautia-arvensis,True,TP
0.3714812397956848,0.8892041118048521,lychnis-flos-cuculi,True,TP
0.6167201399803162,0.9387024851145617,cirsium-oleraceum,True,TP
0.484737366437912,0.0,cirsium-oleraceum,False,FP
0.9009138345718384,0.9149345220052786,cirsium-oleraceum,True,TP
0.8048281073570251,0.9158962974678069,armeria-maritima,True,TP
0.8799964189529419,0.9246694076540793,armeria-maritima,True,TP
0.851076066493988,0.7809402115141462,daucus-carota,True,TP
0.9084321856498718,0.9286188329337609,armeria-maritima,True,TP
0.6691868901252747,0.5754943649046185,daucus-carota,True,TP
0.704241156578064,0.6513933821178715,cirsium-oleraceum,True,TP
0.8040314316749573,0.6908059629673396,armeria-maritima,True,TP
0.7383920550346375,0.5964679021752808,armeria-maritima,True,TP
0.49072372913360596,0.7827955535360356,armeria-maritima,True,TP
0.7741011381149292,0.7281110193039434,daucus-carota,True,TP
0.8612141013145447,0.8734969717462516,daucus-carota,True,TP
0.839171290397644,0.6608549565240718,daucus-carota,True,TP
0.9031583666801453,0.8715081699019528,centaurea-jacea,True,TP
0.8835349678993225,0.8739936671260127,knautia-arvensis,True,TP
0.5252825021743774,0.6212423486917071,armeria-maritima,True,TP
0.8763860464096069,0.7803920204708492,centaurea-jacea,True,TP
0.646092414855957,0.7470513443747265,daucus-carota,True,TP
0.6397388577461243,0.954799360041424,knautia-arvensis,True,TP
0.4230192005634308,0.5941037906802715,daucus-carota,True,TP
0.34803682565689087,0.8206928301424812,daucus-carota,True,TP
0.8049880266189575,0.8838789079585541,centaurea-jacea,True,TP
0.8664436936378479,0.6690090606288593,centaurea-jacea,True,TP
0.9554042816162109,0.9341020160469062,daucus-carota,True,TP
0.9111883640289307,0.9429568345621192,centaurea-jacea,True,TP
0.8330295085906982,0.8037974380938336,armeria-maritima,True,TP
0.9180735349655151,0.948049142418597,armeria-maritima,True,TP
0.7418473362922668,0.6757009158014073,daucus-carota,True,TP
0.5892727971076965,0.469462815529871,daucus-carota,False,FP
0.5302022695541382,0.6924212721419023,daucus-carota,True,TP
0.5159431099891663,0.007932067328133913,armeria-maritima,False,FP
0.3274880647659302,0.04010486393300683,daucus-carota,False,FP
0.8878214955329895,0.8681029114215028,armeria-maritima,True,TP
0.9485871195793152,0.9641769732818739,cirsium-oleraceum,True,TP
0.7412393093109131,0.8976977278227102,daucus-carota,True,TP
0.7856408357620239,0.7508124160468764,daucus-carota,True,TP
0.6638675928115845,0.9182598095433595,daucus-carota,True,TP
0.6471643447875977,0.8887305995664945,daucus-carota,True,TP
0.7233785390853882,0.9559254537785592,lychnis-flos-cuculi,True,TP
0.3112129867076874,0.6199400122796443,daucus-carota,True,TP
0.779257595539093,0.7804574873202094,knautia-arvensis,True,TP
0.6269765496253967,0.8772536848899803,daucus-carota,True,TP
0.8953061699867249,0.8317291462951741,knautia-arvensis,True,TP
0.8529057502746582,0.7254205926063817,cirsium-oleraceum,True,TP
0.7942566275596619,0.7605001232990107,daucus-carota,True,TP
0.6163695454597473,0.9121287998973785,daucus-carota,True,TP
0.724571943283081,0.6082069926650493,centaurea-jacea,True,TP
0.7656147480010986,0.742788633772402,centaurea-jacea,True,TP
0.8389862179756165,0.7309197833916299,centaurea-jacea,True,TP
0.8726791143417358,0.9589082009671769,knautia-arvensis,True,TP
0.8538398742675781,0.9574504384118141,knautia-arvensis,True,TP
0.7905870079994202,0.9221772170970167,knautia-arvensis,True,TP
0.6909563541412354,0.9067687203454358,daucus-carota,True,TP
0.927091121673584,0.9379839357067541,knautia-arvensis,True,TP
0.8984155058860779,0.951049401236462,centaurea-jacea,True,TP
0.8706859350204468,0.8942786256548394,lychnis-flos-cuculi,True,TP
0.8765078783035278,0.8690534206000826,centaurea-jacea,True,TP
0.8434329032897949,0.9021761456557359,centaurea-jacea,True,TP
0.8738936185836792,0.8899107798531961,knautia-arvensis,True,TP
0.9288430213928223,0.9468995856020547,cirsium-oleraceum,True,TP
0.2777639627456665,0.19013399578105503,daucus-carota,False,FP
0.2649935185909271,0.642549898060429,cirsium-oleraceum,True,TP
0.9097638726234436,0.9303772227587994,armeria-maritima,True,TP
0.8626907467842102,0.8804317182596916,armeria-maritima,True,TP
0.5654754638671875,0.578790213047838,daucus-carota,True,TP
0.8197327256202698,0.8551293884409218,daucus-carota,True,TP
0.8278871774673462,0.8845460790730513,daucus-carota,True,TP
0.5418998599052429,0.8961152906314411,daucus-carota,True,TP
0.4774809181690216,0.6212820514952273,daucus-carota,True,TP
0.815191924571991,0.6953384949284803,daucus-carota,True,TP
0.8030096888542175,0.8108049579313469,daucus-carota,True,TP
0.8655070066452026,0.9164255872303065,armeria-maritima,True,TP
0.8619155883789062,0.8759345157207329,armeria-maritima,True,TP
0.8206629157066345,0.8820152501518781,armeria-maritima,True,TP
0.5523300766944885,0.9266596384180462,daucus-carota,True,TP
0.8347314596176147,0.8318659646242594,armeria-maritima,True,TP
0.7764467000961304,0.8817575114015191,armeria-maritima,True,TP
0.7722466588020325,0.8395670319255146,armeria-maritima,True,TP
0.5636594891548157,0.914177710766523,armeria-maritima,True,TP
0.3783119320869446,0.0,armeria-maritima,False,FP
0.8031516075134277,0.9594428341607701,daucus-carota,True,TP
0.8153020143508911,0.7927740702583085,daucus-carota,True,TP
0.2989775836467743,0.0,daucus-carota,False,FP
0.872231662273407,0.6863423757704191,knautia-arvensis,True,TP
0.8132807016372681,0.6436426829135494,armeria-maritima,True,TP
0.8949396014213562,0.9068748728763492,centaurea-jacea,True,TP
0.435397207736969,0.6546067464256919,daucus-carota,True,TP
0.42846763134002686,0.7761923416817463,daucus-carota,True,TP
0.3386085331439972,0.0,daucus-carota,False,FP
0.8056337833404541,0.8555637982391882,knautia-arvensis,True,TP
0.8148671984672546,0.764532313228794,armeria-maritima,True,TP
0.7982491850852966,0.597273745981157,armeria-maritima,True,TP
0.8583896160125732,0.8207778843598423,daucus-carota,True,TP
0.9209368228912354,0.9097683792106503,daucus-carota,True,TP
0.8345925807952881,0.8759286883456188,armeria-maritima,True,TP
0.8624419569969177,0.9365743851206016,cirsium-oleraceum,True,TP
0.8153412342071533,0.864961576943721,armeria-maritima,True,TP
0.8695278167724609,0.7971855414104767,armeria-maritima,True,TP
0.8612544536590576,0.78041863339069,daucus-carota,True,TP
0.8904638290405273,0.8964572258810862,cirsium-oleraceum,True,TP
0.5188361406326294,0.8650191952390734,daucus-carota,True,TP
0.9100634455680847,0.9451547430742573,cirsium-oleraceum,True,TP
0.5749222636222839,0.7415057509304446,daucus-carota,True,TP
0.8657364845275879,0.8905212993380094,lychnis-flos-cuculi,True,TP
0.9044166207313538,0.9373963503358942,cirsium-oleraceum,True,TP
0.8815539479255676,0.8627302135178412,cirsium-oleraceum,True,TP
0.7863025069236755,0.9250473589120489,daucus-carota,True,TP
0.8996777534484863,0.9034056174638123,centaurea-jacea,True,TP
0.5919361114501953,0.7888460726280958,knautia-arvensis,True,TP
0.9147149324417114,0.945801653087688,lychnis-flos-cuculi,True,TP
0.9734869599342346,0.9596485435087364,centaurea-jacea,True,TP
0.3566535413265228,0.5321522841740192,centaurea-jacea,True,TP
0.3219105005264282,0.0038854325887475475,centaurea-jacea,False,FP
0.41809725761413574,0.7846525635856091,lychnis-flos-cuculi,True,TP
0.29162779450416565,0.0813539319253879,daucus-carota,False,FP
0.9411595463752747,0.8954605612204902,centaurea-jacea,True,TP
0.3543437123298645,0.5862424014830542,knautia-arvensis,True,TP
0.5977594256401062,0.7242037633176749,lychnis-flos-cuculi,True,TP
0.6268411874771118,0.4243269213209387,lychnis-flos-cuculi,False,FP
0.30887171626091003,0.5972721630992748,lychnis-flos-cuculi,True,TP
0.8572023510932922,0.8503234428962226,knautia-arvensis,True,TP
0.8851930499076843,0.7299908910400019,knautia-arvensis,True,TP
0.5993282794952393,0.9498472252413538,daucus-carota,True,TP
0.5388191938400269,0.0,daucus-carota,False,FP
0.8926054835319519,0.8790069461160767,lychnis-flos-cuculi,True,TP
0.39230114221572876,0.9096423883689271,lychnis-flos-cuculi,True,TP
0.7001275420188904,0.8183710273958091,lychnis-flos-cuculi,True,TP
0.6028509140014648,0.8383101986227399,knautia-arvensis,True,TP
0.6028016209602356,0.9163036534963853,lychnis-flos-cuculi,True,TP
0.5241865515708923,0.6013187948088292,daucus-carota,True,TP
0.3266049325466156,0.0,daucus-carota,False,FP
0.8510295152664185,0.8197926874835424,daucus-carota,True,TP
0.8583060503005981,0.6222186947974994,armeria-maritima,True,TP
0.9459928870201111,0.9379497542015804,cirsium-oleraceum,True,TP
0.7838190197944641,0.9214956636754612,daucus-carota,True,TP
0.6844511032104492,0.8865989084147257,armeria-maritima,True,TP
0.8381274938583374,0.8450085727633818,armeria-maritima,True,TP
0.8619412779808044,0.8985449576811532,armeria-maritima,True,TP
0.5350443124771118,0.9494469214428285,armeria-maritima,True,TP
0.8141288757324219,0.8836009031460278,armeria-maritima,True,TP
0.7175920605659485,0.7416637702696907,armeria-maritima,True,TP
0.6708089709281921,0.8055824026711071,armeria-maritima,True,TP
0.6508002281188965,0.8047971434127565,armeria-maritima,True,TP
0.6512571573257446,0.9322530921669958,knautia-arvensis,True,TP
0.5094073414802551,0.8852290698685189,daucus-carota,True,TP
0.9615199565887451,0.9749246977469299,daucus-carota,True,TP
0.8544664978981018,0.8584320423329015,centaurea-jacea,True,TP
0.8060204386711121,0.854734368441014,armeria-maritima,True,TP
0.7250494360923767,0.8785038160742024,armeria-maritima,True,TP
0.42978715896606445,0.7231404775362129,armeria-maritima,True,TP
0.4065907597541809,0.8151995593783382,daucus-carota,True,TP
0.2824787199497223,0.0,armeria-maritima,False,FP
0.9393432140350342,0.9830568758894423,centaurea-jacea,True,TP
0.8203402757644653,0.7672325324764923,armeria-maritima,True,TP
0.49794909358024597,0.3226200717930593,daucus-carota,False,FP
0.945022463798523,0.8988388358955028,daucus-carota,True,TP
0.9157924056053162,0.8622486394967237,daucus-carota,True,TP
0.8919522762298584,0.5629876500232311,cirsium-oleraceum,True,TP
0.8468508124351501,0.7584543898354024,armeria-maritima,True,TP
0.9307315349578857,0.9553033769512516,daucus-carota,True,TP
0.4844675064086914,0.8990765561835149,daucus-carota,True,TP
0.2764264643192291,0.0,daucus-carota,False,FP
0.8209220170974731,0.9119239833572361,daucus-carota,True,TP
0.5959089398384094,0.9504745923116567,knautia-arvensis,True,TP
0.8185507655143738,0.7268279085125464,lychnis-flos-cuculi,True,TP
0.4863947033882141,0.0,daucus-carota,False,FP
0.887701153755188,0.8780931393170053,centaurea-jacea,True,TP
0.8338851928710938,0.7161431382315742,lychnis-flos-cuculi,True,TP
0.9068444967269897,0.8172235472122389,lychnis-flos-cuculi,True,TP
0.9244094491004944,0.8867222215062618,centaurea-jacea,False,FP_wrong_class
0.7795800566673279,0.9506425416685653,lychnis-flos-cuculi,True,TP
0.6181948781013489,0.9507760058765248,knautia-arvensis,True,TP
0.26160329580307007,0.0,knautia-arvensis,False,FP
0.740479052066803,0.5903159489747696,lychnis-flos-cuculi,True,TP
0.9019836783409119,0.924141785528477,knautia-arvensis,True,TP
0.8631272912025452,0.7042228675410753,knautia-arvensis,True,TP
0.7996547818183899,0.6179570142408358,lychnis-flos-cuculi,True,TP
0.833425760269165,0.9607302277322631,cirsium-oleraceum,True,TP
0.3089931905269623,0.767833179770811,daucus-carota,True,TP
0.8309762477874756,0.905502519142475,armeria-maritima,True,TP
0.2995770573616028,0.37651943887975603,armeria-maritima,False,FP
0.25625985860824585,0.6023328875774334,armeria-maritima,True,TP
0.9592068195343018,0.8921419071838443,centaurea-jacea,True,TP
0.8955926299095154,0.7871285651916785,centaurea-jacea,True,TP
0.6067105531692505,0.680348850398787,centaurea-jacea,True,TP
0.9190753102302551,0.534080841405622,centaurea-jacea,True,TP
0.9291045665740967,0.9462705133565364,cirsium-oleraceum,True,TP
0.8795182704925537,0.8592174180502571,armeria-maritima,True,TP
0.9645143747329712,0.9484133988216821,cirsium-oleraceum,True,TP
0.8887616395950317,0.830088305803225,armeria-maritima,True,TP
0.8514907956123352,0.8051968975948623,cirsium-oleraceum,True,TP
0.8377580642700195,0.8685923930112659,armeria-maritima,True,TP
0.5406662225723267,0.6722696867725875,cirsium-oleraceum,True,TP
0.9064551591873169,0.7388137772872341,centaurea-jacea,True,TP
0.952239453792572,0.9334263672138028,centaurea-jacea,True,TP
0.34114134311676025,0.4920067439802685,lychnis-flos-cuculi,False,FP
0.8484158515930176,0.9567107285145008,centaurea-jacea,True,TP
0.9621732234954834,0.7141954393778986,centaurea-jacea,True,TP
0.5661539435386658,0.3675466790029703,lychnis-flos-cuculi,False,FP
0.8125540614128113,0.6291194720321797,lychnis-flos-cuculi,True,TP
0.700303852558136,0.021932511397096947,daucus-carota,False,FP
0.5791363716125488,0.7305927985951085,daucus-carota,True,TP
0.4231712222099304,0.39023974839214925,centaurea-jacea,False,FP
0.8909434676170349,0.9334703342039365,centaurea-jacea,True,TP
0.9272857308387756,0.8263701062010983,cirsium-oleraceum,True,TP
0.7664715647697449,0.9465091447235013,armeria-maritima,True,TP
0.9101518988609314,0.9533388330438234,cirsium-oleraceum,True,TP
0.6322695016860962,0.5776280240860541,daucus-carota,True,TP
0.860968291759491,0.9298508819906737,cirsium-oleraceum,True,TP
0.5577126145362854,0.8971773236827473,daucus-carota,True,TP
0.5561069846153259,0.680084111560408,daucus-carota,True,TP
0.9419085383415222,0.9763899412096043,cirsium-oleraceum,True,TP
0.7871901988983154,0.5082528572981422,centaurea-jacea,True,TP
0.2583198547363281,0.3709565596040185,knautia-arvensis,False,FP
0.8683002591133118,0.9108384850784425,centaurea-jacea,True,TP
0.9459731578826904,0.949871132142712,centaurea-jacea,True,TP
0.8881459832191467,0.8854728129148292,armeria-maritima,True,TP
0.904600977897644,0.8990510526161215,centaurea-jacea,True,TP
0.9428471326828003,0.8527770405089127,centaurea-jacea,True,TP
0.9336061477661133,0.7992145884048113,centaurea-jacea,True,TP
0.8673347234725952,0.7576282215329696,centaurea-jacea,True,TP
0.8947628140449524,0.896660632765972,centaurea-jacea,True,TP
0.6768112182617188,0.908103742410747,lychnis-flos-cuculi,True,TP
0.9429274797439575,0.9422324677266715,centaurea-jacea,True,TP
0.6796547770500183,0.9519834530523736,daucus-carota,True,TP
0.9506325721740723,0.951505617760161,knautia-arvensis,True,TP
0.88348388671875,0.9058898601377046,centaurea-jacea,True,TP
0.8544697165489197,0.818471242101233,knautia-arvensis,True,TP
0.905288815498352,0.9042834993844507,centaurea-jacea,True,TP
0.7991836667060852,0.8034723922888357,daucus-carota,True,TP
0.8529192805290222,0.8439055147521485,cirsium-oleraceum,True,TP
0.917499303817749,0.9366580250710798,centaurea-jacea,True,TP
0.8922964930534363,0.886776055992694,daucus-carota,True,TP
0.9275755286216736,0.9178331759058584,knautia-arvensis,True,TP
0.9235550165176392,0.9450286312812294,centaurea-jacea,True,TP
0.9285781383514404,0.9729342747773179,knautia-arvensis,True,TP
0.9358105659484863,0.9719219613997107,centaurea-jacea,True,TP
0.518374502658844,0.6424979799008567,cirsium-oleraceum,True,TP
0.8943132162094116,0.9475367434197646,daucus-carota,True,TP
0.9061047434806824,0.8993032913720473,daucus-carota,True,TP
0.9543730616569519,0.9680831756973689,daucus-carota,True,TP
0.25687524676322937,0.0,daucus-carota,False,FP
0.8811412453651428,0.8212527937308133,daucus-carota,True,TP
0.6506307125091553,0.0,daucus-carota,False,FP
0.8921058773994446,0.9768759284532641,daucus-carota,True,TP
0.7400578856468201,0.8549444432318035,daucus-carota,True,TP
0.7230929732322693,0.8044347668701961,daucus-carota,True,TP
0.4427866041660309,0.888276568746895,daucus-carota,True,TP
0.8493896722793579,0.8090880879197626,daucus-carota,True,TP
0.49471598863601685,0.9669229216626538,daucus-carota,True,TP
0.9082949757575989,0.9588919338586616,daucus-carota,True,TP
0.9031999111175537,0.8342688935752496,daucus-carota,True,TP
0.27756255865097046,0.8796741095111668,daucus-carota,True,TP
0.825489342212677,0.8229995617151535,daucus-carota,True,TP
0.9405905604362488,0.8529328380651713,daucus-carota,True,TP
0.9036536812782288,0.8815577725605631,daucus-carota,True,TP
0.8802244663238525,0.8903566513196294,daucus-carota,True,TP
0.9343059659004211,0.9543160437736269,daucus-carota,True,TP
0.6658463478088379,0.8353409326545852,daucus-carota,True,TP
0.9675967693328857,0.932717701522479,lychnis-flos-cuculi,True,TP
0.9806463718414307,0.9516350837960845,lychnis-flos-cuculi,True,TP
0.9728029370307922,0.9818820334196132,lychnis-flos-cuculi,True,TP
0.9580241441726685,0.9708263906815685,centaurea-jacea,True,TP
0.9426174163818359,0.9774362878269302,centaurea-jacea,True,TP
0.913161039352417,0.9045326060768052,centaurea-jacea,True,TP
0.6011788249015808,0.6903302287288017,daucus-carota,False,FP_wrong_class
0.9658962488174438,0.9771887675181536,cirsium-oleraceum,True,TP
0.9525344371795654,0.9675332712442395,centaurea-jacea,True,TP
0.9803329110145569,0.9694999072771585,daucus-carota,True,TP
0.9339244961738586,0.9689292795317513,daucus-carota,True,TP
0.9370918273925781,0.9562716666500948,cirsium-oleraceum,True,TP
0.9705683588981628,0.9867979475375827,knautia-arvensis,True,TP
0.9583353996276855,0.9830026028416018,daucus-carota,True,TP
0.9552034139633179,0.975905355687297,knautia-arvensis,True,TP
0.9174432158470154,0.9182220372992512,knautia-arvensis,True,TP
0.9338576793670654,0.9170160197918686,knautia-arvensis,True,TP
0.5745868682861328,0.7534518971076319,daucus-carota,True,TP
0.9567550420761108,0.9830401944536182,centaurea-jacea,True,TP
0.8454575538635254,0.925923041347666,daucus-carota,True,TP
0.5000700950622559,0.8477196439000414,daucus-carota,True,TP
0.8856525421142578,0.8956439186819356,centaurea-jacea,True,TP
0.880271315574646,0.929271694481668,centaurea-jacea,True,TP
0.5194685459136963,0.8608993901862129,centaurea-jacea,False,FP_wrong_class
0.9293925762176514,0.8974272504257993,lychnis-flos-cuculi,True,TP
0.9375962615013123,0.9569233276168723,knautia-arvensis,True,TP
0.9231847524642944,0.9596269638698574,centaurea-jacea,True,TP
0.9267218112945557,0.9429887247115046,centaurea-jacea,True,TP
0.9139307141304016,0.9496123930839518,armeria-maritima,True,TP
0.8449508547782898,0.8774345137813047,knautia-arvensis,True,TP
0.9188165068626404,0.9687168333754015,centaurea-jacea,True,TP
0.9127495884895325,0.9443084462837354,knautia-arvensis,True,TP
0.296560138463974,0.0,daucus-carota,False,FP
0.950226902961731,0.936570722195452,knautia-arvensis,True,TP
0.9317687749862671,0.9791696807017232,knautia-arvensis,True,TP
0.902001142501831,0.9522135892155928,centaurea-jacea,True,TP
0.9516881704330444,0.9601459384034202,armeria-maritima,True,TP
0.9075782895088196,0.833839662059834,knautia-arvensis,True,TP
0.5288827419281006,0.907982266400643,knautia-arvensis,True,TP
0.8997361660003662,0.8690358496701699,knautia-arvensis,True,TP
0.7323815822601318,0.871961262031194,daucus-carota,True,TP
0.2662602961063385,0.0,daucus-carota,False,FP
0.9215348362922668,0.847802577404233,centaurea-jacea,True,TP
0.8503327965736389,0.801335669972956,daucus-carota,True,TP
0.4822112023830414,0.0,daucus-carota,False,FP
0.9273605942726135,0.9608969225567008,armeria-maritima,True,TP
0.9699399471282959,0.996329089677165,lychnis-flos-cuculi,True,TP
0.9105586409568787,0.9187568424997119,armeria-maritima,True,TP
0.9161112308502197,0.914399181506752,centaurea-jacea,True,TP
0.8898443579673767,0.9341129348886589,knautia-arvensis,True,TP
0.9098981022834778,0.9469064844791991,armeria-maritima,True,TP
0.8761351704597473,0.9052203720500831,lychnis-flos-cuculi,True,TP
0.9000370502471924,0.9649783184076628,knautia-arvensis,True,TP
0.9415602684020996,0.9576318035318195,centaurea-jacea,True,TP
0.8087876439094543,0.8971330226828798,daucus-carota,True,TP
0.6956349611282349,0.859179741101876,daucus-carota,True,TP
0.40618646144866943,0.8123007924495476,daucus-carota,True,TP
0.9201159477233887,0.9457600179891624,daucus-carota,True,TP
0.6906010508537292,0.6705432375684658,armeria-maritima,True,TP
0.7281879186630249,0.8233682549052854,daucus-carota,True,TP
0.7248432636260986,0.8622275260692784,daucus-carota,True,TP
0.6171969771385193,0.7925774953104999,daucus-carota,True,TP
0.5330936312675476,0.8170952902204807,daucus-carota,True,TP
0.4861122667789459,0.5710006047339126,daucus-carota,True,TP
0.4780176877975464,0.8180544291864864,daucus-carota,True,TP
0.44261816143989563,0.7670037869410075,daucus-carota,True,TP
0.27378377318382263,0.0,daucus-carota,False,FP
0.9006878137588501,0.8966764365424278,daucus-carota,True,TP
0.5736105442047119,0.723565216301119,daucus-carota,True,TP
0.5450561046600342,0.5972783905821991,daucus-carota,True,TP
0.48205381631851196,0.6658885217232193,daucus-carota,True,TP
0.30217915773391724,0.007192732474578405,daucus-carota,False,FP
0.5174373388290405,0.4489216770820683,lychnis-flos-cuculi,False,FP
0.41510024666786194,0.9441809336506914,daucus-carota,True,TP
0.576204776763916,0.8960290641707366,centaurea-jacea,True,TP
0.3416840434074402,0.0,centaurea-jacea,False,FP
0.816496729850769,0.8567116526770556,daucus-carota,True,TP
0.6908204555511475,0.9155391214205872,lychnis-flos-cuculi,True,TP
0.25470733642578125,0.0,daucus-carota,False,FP
0.9319319128990173,0.9013778885649433,knautia-arvensis,True,TP
0.7134177684783936,0.9771069150941136,daucus-carota,True,TP
0.4430530071258545,0.735381234531713,knautia-arvensis,True,TP
0.3111622929573059,0.0,knautia-arvensis,False,FP
0.8762864470481873,0.8466809101281699,daucus-carota,True,TP
0.4990071654319763,0.0,daucus-carota,False,FP
0.5265501737594604,0.8947366095798824,knautia-arvensis,True,TP
0.34580156207084656,0.3030026406963213,daucus-carota,False,FP
0.3139991760253906,0.6123848807657677,daucus-carota,True,TP
0.2668633759021759,0.0,daucus-carota,False,FP
0.26309552788734436,0.0025660422368813415,knautia-arvensis,False,FP
0.2503645122051239,0.0,daucus-carota,False,FP
0.8217426538467407,0.7289333125312105,knautia-arvensis,True,TP
0.8721162676811218,0.9719818620060153,daucus-carota,True,TP
0.6708738803863525,0.6268996068815956,lychnis-flos-cuculi,True,TP
0.6607590317726135,0.8053061939411916,daucus-carota,True,TP
0.5068102478981018,0.0,daucus-carota,False,FP
0.8434198498725891,0.9577504781447079,daucus-carota,True,TP
0.7938019037246704,0.8747073190930108,daucus-carota,True,TP
0.7425801753997803,0.8752555574827467,daucus-carota,True,TP
0.49292537569999695,0.9197193580310815,daucus-carota,True,TP
0.8776214122772217,0.8780119918495776,knautia-arvensis,True,TP
0.8859515190124512,0.9356128909748163,knautia-arvensis,True,TP
0.826633095741272,0.924200919337155,centaurea-jacea,True,TP
0.6095414161682129,0.24931354496072217,daucus-carota,False,FP
0.33977842330932617,0.0,daucus-carota,False,FP
0.3329101502895355,0.6679473323165873,centaurea-jacea,True,TP
0.32533884048461914,0.04728901710244526,daucus-carota,False,FP
0.9091172814369202,0.7682393401748125,centaurea-jacea,True,TP
0.8754944801330566,0.855704969302603,daucus-carota,True,TP
0.8328019380569458,0.9257153369127443,daucus-carota,True,TP
0.9065743088722229,0.7608375866620032,daucus-carota,True,TP
0.7260008454322815,0.9213349524095216,knautia-arvensis,True,TP
0.4923461675643921,0.8536387699208625,daucus-carota,True,TP
0.874640703201294,0.920366044881928,daucus-carota,True,TP
0.5654468536376953,0.0,daucus-carota,False,FP
0.923591673374176,0.8871307412561259,knautia-arvensis,True,TP
0.26217126846313477,0.0,daucus-carota,False,FP
0.8746911287307739,0.9526387960506538,daucus-carota,True,TP
0.8646306991577148,0.705413451624534,cirsium-oleraceum,True,TP
0.5394600033760071,0.7460957332904314,daucus-carota,True,TP
0.31619274616241455,0.9104869849748154,daucus-carota,True,TP
0.8053238987922668,0.7246663456467692,daucus-carota,True,TP
0.7560495138168335,0.9591699282841498,lychnis-flos-cuculi,True,TP
0.3159942030906677,0.7533789051007143,daucus-carota,True,TP
0.947920560836792,0.9446070146572901,cirsium-oleraceum,True,TP
0.8010819554328918,0.8221153057846243,daucus-carota,True,TP
0.8427060842514038,0.8963455732000637,daucus-carota,True,TP
0.8425402641296387,0.8714683431137867,centaurea-jacea,True,TP
0.5253883004188538,0.7511885536687027,daucus-carota,True,TP
0.8664679527282715,0.8381164228570562,knautia-arvensis,True,TP
0.5254679918289185,0.8953647506412933,daucus-carota,True,TP
0.5021536350250244,0.7833230910928589,daucus-carota,True,TP
0.33931154012680054,0.2852869688925395,daucus-carota,False,FP
0.26558300852775574,0.0,daucus-carota,False,FP
0.8581995368003845,0.794370016220857,daucus-carota,True,TP
0.6774046421051025,0.9033698963922421,daucus-carota,True,TP
0.386322021484375,0.6690625974466707,daucus-carota,True,TP
0.3678908050060272,0.7195112454635815,daucus-carota,True,TP
0.8539457321166992,0.9343566585638334,armeria-maritima,True,TP
0.9091091156005859,0.956374834966522,knautia-arvensis,True,TP
0.5244712233543396,0.8807027561265589,daucus-carota,True,TP
0.47416844964027405,0.5569820880815256,daucus-carota,True,TP
0.8586615324020386,0.7943771151009301,centaurea-jacea,True,TP
0.7314836382865906,0.7626713124419257,daucus-carota,True,TP
0.5687597393989563,0.0,daucus-carota,False,FP
0.5654773116111755,0.7195390728629155,centaurea-jacea,True,TP
0.5540058612823486,0.8969344386159738,daucus-carota,True,TP
0.32858896255493164,0.0,centaurea-jacea,False,FP
0.6979771256446838,0.8845878834569002,daucus-carota,True,TP
0.9069722294807434,0.9030494236936001,cirsium-oleraceum,True,TP
0.9005826115608215,0.9074024624448318,cirsium-oleraceum,True,TP
0.8424937129020691,0.7367722510289811,knautia-arvensis,True,TP
0.9395362138748169,0.883336159171684,lychnis-flos-cuculi,True,TP
0.8591566681861877,0.8556735855152237,centaurea-jacea,True,TP
0.770341694355011,0.7600846587749243,daucus-carota,True,TP
0.9229851961135864,0.8841450405499944,cirsium-oleraceum,True,TP
0.506230354309082,0.6262435441013072,daucus-carota,True,TP
0.34620168805122375,0.0,daucus-carota,False,FP
0.25136610865592957,0.0,daucus-carota,False,FP
0.8227285742759705,0.789652589525285,cirsium-oleraceum,True,TP
0.7238824367523193,0.653288275961111,cirsium-oleraceum,True,TP
0.35304126143455505,0.0,cirsium-oleraceum,False,FP
0.8537255525588989,0.734828849886726,centaurea-jacea,True,TP
0.3543715476989746,0.6313274443995095,armeria-maritima,True,TP
0.7306143045425415,0.8993453972466117,lychnis-flos-cuculi,True,TP
0.8387285470962524,0.916655267057455,armeria-maritima,True,TP
0.639013946056366,0.5439662531424698,daucus-carota,True,TP
0.3880455791950226,0.9619699528150979,lychnis-flos-cuculi,True,TP
0.37785986065864563,0.0,lychnis-flos-cuculi,False,FP
0.9243699312210083,0.9591764596139712,centaurea-jacea,True,TP
0.3553018271923065,0.9070484451956329,centaurea-jacea,True,TP
0.9305337071418762,0.975901824677862,armeria-maritima,True,TP
0.9633193612098694,0.9854815613624325,daucus-carota,True,TP
0.6743391156196594,0.7697000626211219,centaurea-jacea,True,TP
0.30148714780807495,0.0,centaurea-jacea,False,FP
0.4411109983921051,0.7137283008379349,armeria-maritima,True,TP
0.42338770627975464,0.0,armeria-maritima,False,FP
0.9719146490097046,0.973891049813977,knautia-arvensis,True,TP
0.9328182935714722,0.9678952170696754,centaurea-jacea,True,TP
0.9092216491699219,0.9695762658383767,knautia-arvensis,True,TP
0.798596978187561,0.7190774617331305,cirsium-oleraceum,True,TP
0.9105789065361023,0.9336349059228788,armeria-maritima,True,TP
0.7757531404495239,0.8765167938772859,daucus-carota,True,TP
0.6777069568634033,0.7763645739751799,daucus-carota,True,TP
0.7983878254890442,0.7503422150269694,centaurea-jacea,True,TP
0.588006854057312,0.9649446987109932,daucus-carota,True,TP
0.9036948680877686,0.8209008187084946,armeria-maritima,True,TP
0.3442744314670563,0.6544765104213016,daucus-carota,True,TP
0.8617330193519592,0.6921559127790894,centaurea-jacea,True,TP
0.5032619833946228,0.49259526007624754,daucus-carota,False,FP
0.3566654622554779,0.777483407661874,daucus-carota,True,TP
0.5478919148445129,0.5293575251783862,lychnis-flos-cuculi,True,TP
0.39512595534324646,0.0,lychnis-flos-cuculi,False,FP
0.8354771137237549,0.886107942310677,daucus-carota,True,TP
0.9026668667793274,0.9490593225747712,knautia-arvensis,True,TP
0.8475868701934814,0.914958688954911,knautia-arvensis,True,TP
0.8262609839439392,0.6635340365669355,centaurea-jacea,True,TP
0.9482828974723816,0.9120143983922882,centaurea-jacea,True,TP
0.6691773533821106,0.9040360987729109,cirsium-oleraceum,True,TP
0.9524462819099426,0.9090443756810604,daucus-carota,True,TP
0.8952850699424744,0.9164741176874394,armeria-maritima,True,TP
0.7973482012748718,0.4586992260531847,daucus-carota,False,FP
0.5261446833610535,0.4855776943534796,daucus-carota,False,FP
0.8680859804153442,0.919087862573495,lychnis-flos-cuculi,True,TP
0.9192597270011902,0.8028530136368986,cirsium-oleraceum,True,TP
0.28225645422935486,0.435419470428496,cirsium-oleraceum,False,FP
0.9645847678184509,0.9586554232086054,knautia-arvensis,True,TP
0.9775403141975403,0.9386223441451496,lychnis-flos-cuculi,True,TP
0.9099133610725403,0.9466014664761645,armeria-maritima,True,TP
0.9036476612091064,0.9404863941641193,knautia-arvensis,True,TP
0.8883882761001587,0.8589211546170235,armeria-maritima,True,TP
0.8200574517250061,0.9174413386645557,centaurea-jacea,True,TP
0.9368239045143127,0.929279171813207,centaurea-jacea,True,TP
0.9785637855529785,0.9961679458618165,lychnis-flos-cuculi,True,TP
0.8572577238082886,0.9209925469555141,armeria-maritima,True,TP
0.9621788263320923,0.862191461607629,knautia-arvensis,True,TP
0.9140790700912476,0.8732478684812924,armeria-maritima,True,TP
0.9777120351791382,0.9963264433102164,knautia-arvensis,True,TP
0.9759701490402222,0.983806788381736,centaurea-jacea,True,TP
0.6407803297042847,0.7383398153057065,daucus-carota,True,TP
0.9047589898109436,0.9346799296019764,centaurea-jacea,True,TP
0.9432022571563721,0.9743264423495778,knautia-arvensis,True,TP
0.9800357222557068,0.9944959685383592,knautia-arvensis,True,TP
0.8999606370925903,0.9836378601478113,knautia-arvensis,True,TP
0.9618094563484192,0.8940472724276144,lychnis-flos-cuculi,True,TP
0.9331411123275757,0.9558814444198238,lychnis-flos-cuculi,True,TP
0.2746700644493103,0.0,daucus-carota,False,FP
0.9194933772087097,0.9190601842506811,centaurea-jacea,True,TP
0.94366455078125,0.9475832172729945,centaurea-jacea,True,TP
0.5984792709350586,0.8866374601954999,daucus-carota,True,TP
0.8862389326095581,0.8673567285197314,centaurea-jacea,True,TP
0.670235276222229,0.7038589905600904,lychnis-flos-cuculi,True,TP
0.8699857592582703,0.8371774299992699,lychnis-flos-cuculi,True,TP
0.979612410068512,0.9983948227197263,lychnis-flos-cuculi,True,TP
0.9768433570861816,0.996364351063127,lychnis-flos-cuculi,True,TP
0.9362955689430237,0.9529208966299977,armeria-maritima,True,TP
0.9617313146591187,0.9947627209222067,lychnis-flos-cuculi,True,TP
0.9795807003974915,0.9974519729614257,lychnis-flos-cuculi,True,TP
0.9466308355331421,0.9445149576470799,centaurea-jacea,True,TP
0.9494025707244873,0.9276872575272294,armeria-maritima,True,TP
0.8942303657531738,0.18655293390432434,centaurea-jacea,False,FP
0.8557234406471252,0.9133401323308644,daucus-carota,True,TP
0.9249923825263977,0.9497966120956413,daucus-carota,True,TP
0.9387281537055969,0.9158207328937402,knautia-arvensis,True,TP
0.4705007076263428,0.807814976544394,daucus-carota,True,TP
0.82872074842453,0.7811628262576001,lychnis-flos-cuculi,True,TP
0.8742682933807373,0.8674988759574495,daucus-carota,True,TP
0.9732291102409363,0.9729315504433379,lychnis-flos-cuculi,True,TP
0.9663531184196472,0.9547821877248963,centaurea-jacea,True,TP
0.9335011839866638,0.9312679432996719,cirsium-oleraceum,True,TP
0.4689825177192688,0.6322106752040407,daucus-carota,True,TP
0.9281894564628601,0.7969362602638084,armeria-maritima,True,TP
0.9478200078010559,0.877407309850825,cirsium-oleraceum,True,TP
0.9749685525894165,0.979892566050736,centaurea-jacea,True,TP
0.5038551688194275,0.0,daucus-carota,False,FP
0.9363673329353333,0.9277351730768708,lychnis-flos-cuculi,True,TP
0.9721125364303589,0.9735126314821169,centaurea-jacea,True,TP
0.30537256598472595,0.0,daucus-carota,False,FP
0.9440178871154785,0.9042206882910239,lychnis-flos-cuculi,True,TP
0.9627813696861267,0.9973257939655797,knautia-arvensis,True,TP
0.9787642955780029,0.9963041305541992,knautia-arvensis,True,TP
0.9321622252464294,0.8889667187766834,centaurea-jacea,True,TP
0.9430058002471924,0.9588566348136919,centaurea-jacea,True,TP
0.9302145838737488,0.9308723891851053,cirsium-oleraceum,True,TP
0.6847521066665649,0.9291110270422507,daucus-carota,True,TP
0.9661288857460022,0.9543381137499002,lychnis-flos-cuculi,True,TP
0.7256205081939697,0.9164384259346534,daucus-carota,True,TP
0.9252872467041016,0.8824781068940449,knautia-arvensis,True,TP
0.8354575037956238,0.9199688375123243,daucus-carota,False,FP_wrong_class
0.28843948245048523,0.0,daucus-carota,False,FP
0.9301263689994812,0.9234499578115845,daucus-carota,True,TP
0.7237695455551147,0.8481635019980542,armeria-maritima,True,TP
0.4324359893798828,0.9287379109122429,daucus-carota,True,TP
0.6409444808959961,0.875609292055474,knautia-arvensis,True,TP
0.9237162470817566,0.955913464462373,armeria-maritima,True,TP
0.8337540030479431,0.8710179362085853,daucus-carota,True,TP
0.9183940887451172,0.9354268128695226,knautia-arvensis,True,TP
0.27124643325805664,0.0,centaurea-jacea,False,FP
0.8872604370117188,0.8461550641937122,armeria-maritima,True,TP
0.7277122735977173,0.8666088698201964,daucus-carota,True,TP
0.7269148826599121,0.7742616330941298,daucus-carota,True,TP
0.5331330299377441,0.7731316145568161,daucus-carota,True,TP
0.49598228931427,0.7687597143036108,daucus-carota,True,TP
0.8684683442115784,0.6887101192676541,lychnis-flos-cuculi,True,TP
0.7761170864105225,0.8378308440406288,armeria-maritima,True,TP
0.865450918674469,0.8803392794149175,daucus-carota,True,TP
0.7882528901100159,0.7586542688731305,daucus-carota,True,TP
0.7570777535438538,0.8754229729657742,daucus-carota,True,TP
0.6730124950408936,0.8064831357432142,daucus-carota,True,TP
0.6078106760978699,0.7723494585288998,daucus-carota,True,TP
0.48400330543518066,0.7152313022010724,daucus-carota,True,TP
0.8570802807807922,0.8897807200798854,daucus-carota,True,TP
0.8374313712120056,0.8438690545287074,knautia-arvensis,True,TP
0.7400345802307129,0.7626023174325273,daucus-carota,True,TP
0.5650186538696289,0.587405124246311,daucus-carota,True,TP
0.3006381094455719,0.0,daucus-carota,False,FP
0.8962949514389038,0.9340468146507525,lychnis-flos-cuculi,True,TP
0.8611843585968018,0.889281213003736,daucus-carota,True,TP
0.844951868057251,0.881747709954935,daucus-carota,True,TP
0.5684321522712708,0.0,daucus-carota,False,FP
0.5486602187156677,0.8011701935039878,daucus-carota,True,TP
0.4421302378177643,0.6003181262966263,daucus-carota,True,TP
0.4370424151420593,0.7069348469934144,armeria-maritima,True,TP
0.713749885559082,0.9266990716038777,daucus-carota,True,TP
0.658416211605072,0.8320368150277682,knautia-arvensis,True,TP
0.6046497225761414,0.0,daucus-carota,False,FP
0.5513253211975098,0.0,daucus-carota,False,FP
0.8789027333259583,0.8645778210483398,armeria-maritima,True,TP
0.9367669820785522,0.9659422553499252,centaurea-jacea,True,TP
0.9481479525566101,0.968232833186836,cirsium-oleraceum,True,TP
0.717739462852478,0.49852727624226084,daucus-carota,False,FP
0.42282602190971375,0.0,daucus-carota,False,FP
0.8750327229499817,0.8959860890652419,armeria-maritima,True,TP
0.9355319142341614,0.8771211947029743,knautia-arvensis,True,TP
0.8074156045913696,0.38175501103013865,daucus-carota,False,FP
0.7459131479263306,0.8131469437512313,daucus-carota,True,TP
0.7282609343528748,0.8023057563106148,daucus-carota,True,TP
0.6600465178489685,0.9072141598349277,knautia-arvensis,True,TP
0.6369079947471619,0.9510751953656432,lychnis-flos-cuculi,True,TP
0.6142529845237732,0.8210479711031143,daucus-carota,True,TP
0.9384871125221252,0.9558801587215774,lychnis-flos-cuculi,True,TP
0.6121484637260437,0.661631292496166,daucus-carota,True,TP
0.9569922089576721,0.9608504371777478,lychnis-flos-cuculi,True,TP
0.25565478205680847,0.0,daucus-carota,False,FP
0.8363820314407349,0.8776561377247523,daucus-carota,True,TP
0.9109274744987488,0.9355456640408341,daucus-carota,True,TP
0.8589561581611633,0.8371108924368657,daucus-carota,True,TP
0.8385351300239563,0.7765979942132184,lychnis-flos-cuculi,True,TP
0.9532479643821716,0.957918771157018,cirsium-oleraceum,True,TP
0.3205079138278961,0.7134170124663439,daucus-carota,True,TP
0.2512947618961334,0.0,daucus-carota,False,FP
0.9009726047515869,0.9405320411201257,knautia-arvensis,True,TP
0.8999998569488525,0.8284884789652428,knautia-arvensis,True,TP
0.8326045870780945,0.7099633743483768,knautia-arvensis,True,TP
0.8309526443481445,0.7127257940498662,centaurea-jacea,True,TP
0.9040367007255554,0.9030035582750002,armeria-maritima,True,TP
0.9182437062263489,0.9281870940183767,knautia-arvensis,True,TP
0.5202654600143433,0.5823565959676934,daucus-carota,True,TP
0.7781955003738403,0.6615611955826423,knautia-arvensis,True,TP
0.4795684218406677,0.8306798427365217,lychnis-flos-cuculi,True,TP
0.9205710291862488,0.9322893086696286,armeria-maritima,True,TP
0.8856350183486938,0.8247946414143316,knautia-arvensis,True,TP
0.7699211239814758,0.6669113868606955,daucus-carota,True,TP
0.7336087822914124,0.7425563235866678,lychnis-flos-cuculi,True,TP
0.6628644466400146,0.8720497394033455,daucus-carota,True,TP
0.4000881314277649,0.8090754123312944,daucus-carota,True,TP
0.2997283339500427,0.47322184101372866,daucus-carota,False,FP
0.9361979365348816,0.9009839786270407,lychnis-flos-cuculi,True,TP
0.9434945583343506,0.9840623004981478,lychnis-flos-cuculi,True,TP
0.8568333983421326,0.8279626900090854,armeria-maritima,True,TP
0.8532450795173645,0.9172712686572226,daucus-carota,True,TP
0.5802765488624573,0.0,daucus-carota,False,FP
0.44908472895622253,0.5110574285492692,daucus-carota,True,TP
0.9032638072967529,0.9620632044042612,knautia-arvensis,True,TP
0.8339172005653381,0.735950825270791,lychnis-flos-cuculi,True,TP
0.8696876764297485,0.9173755151751479,lychnis-flos-cuculi,True,TP
0.8498028516769409,0.0,daucus-carota,False,FP
0.8496620655059814,0.8636705408525345,daucus-carota,True,TP
0.33153873682022095,0.8443547325616549,daucus-carota,True,TP
0.2736934423446655,0.0,daucus-carota,False,FP
0.9048203825950623,0.9112118832338013,knautia-arvensis,True,TP
0.9404594898223877,0.9470939537500972,knautia-arvensis,True,TP
0.5202664136886597,0.8313387647012926,centaurea-jacea,True,TP
0.9145234227180481,0.7976040769792228,lychnis-flos-cuculi,True,TP
0.5179209113121033,0.0,daucus-carota,False,FP
0.6610432863235474,0.10746470695720457,knautia-arvensis,False,FP
0.5194111466407776,0.9493400384308948,knautia-arvensis,True,TP
0.6665226221084595,0.5238338865748119,daucus-carota,True,TP
0.8440622687339783,0.7493583713433162,daucus-carota,True,TP
0.30047130584716797,0.0,daucus-carota,False,FP
0.8074210286140442,0.8634721875592329,centaurea-jacea,True,TP
0.7316063046455383,0.6655830596698434,daucus-carota,True,TP
0.7210926413536072,0.6534520002217916,daucus-carota,True,TP
0.6345926523208618,0.8421897403460402,daucus-carota,True,TP
0.6199320554733276,0.8086022414300059,daucus-carota,True,TP
0.5640056133270264,0.7269793392240649,daucus-carota,True,TP
0.46282678842544556,0.0,daucus-carota,False,FP
0.3398188650608063,0.0,daucus-carota,False,FP
0.8673084378242493,0.9792720568414544,daucus-carota,True,TP
0.80059415102005,0.7683510889217298,armeria-maritima,True,TP
0.7612434029579163,0.913128528042285,daucus-carota,True,TP
0.6967431902885437,0.8352346563723947,daucus-carota,True,TP
0.6031951904296875,0.9699302463832812,daucus-carota,True,TP
0.9172239303588867,0.974887332652994,knautia-arvensis,True,TP
0.826055645942688,0.8978765960397634,daucus-carota,True,TP
0.40385702252388,0.0,daucus-carota,False,FP
0.30197158455848694,0.0,daucus-carota,False,FP
0.7414270639419556,0.9543707489682833,knautia-arvensis,True,TP
0.8840139508247375,0.972885723965922,cirsium-oleraceum,True,TP
0.7263920903205872,0.7545412897473768,daucus-carota,True,TP
0.6040164232254028,0.627003645763925,daucus-carota,True,TP
0.6021223664283752,0.8591156786007947,daucus-carota,True,TP
0.8791918158531189,0.9269851041206413,centaurea-jacea,True,TP
0.7611546516418457,0.6850699331534577,centaurea-jacea,True,TP
0.8348801136016846,0.7185903252666915,centaurea-jacea,True,TP
0.8669008612632751,0.8698948339177166,knautia-arvensis,True,TP
0.9287686944007874,0.9372383869976251,armeria-maritima,True,TP
0.9234082698822021,0.8964355003933738,armeria-maritima,True,TP
0.8636182546615601,0.7439319298058017,centaurea-jacea,True,TP
0.30581799149513245,0.0,daucus-carota,False,FP
0.8894844651222229,0.8813751478863945,knautia-arvensis,True,TP
0.9061152338981628,0.857379188002139,centaurea-jacea,True,TP
0.4409193992614746,0.8691902704401191,daucus-carota,True,TP
0.699298083782196,0.955579084152226,daucus-carota,True,TP
0.442778617143631,0.6670589191342947,lychnis-flos-cuculi,True,TP
0.40660974383354187,0.0,daucus-carota,False,FP
0.3882847726345062,0.0,daucus-carota,False,FP
0.30531731247901917,0.6319704509494977,daucus-carota,True,TP
0.8577922582626343,0.953639383058389,lychnis-flos-cuculi,True,TP
0.7946677207946777,0.0,daucus-carota,False,FP
0.47587648034095764,0.0,daucus-carota,False,FP
0.44852063059806824,0.83701890133052,daucus-carota,True,TP
0.879570484161377,0.8894180411029232,knautia-arvensis,True,TP
0.6951531767845154,0.8395932106189343,daucus-carota,True,TP
0.2770701050758362,0.710200040990394,daucus-carota,True,TP
0.9639987349510193,0.9185676453041312,daucus-carota,True,TP
0.9221733808517456,0.9220272664350345,knautia-arvensis,True,TP
0.9618969559669495,0.9534661453265757,knautia-arvensis,True,TP
0.8764669299125671,0.7762216668024833,knautia-arvensis,True,TP
0.9225822687149048,0.8852335867149581,centaurea-jacea,True,TP
0.3871494233608246,0.0,daucus-carota,False,FP
0.36059898138046265,0.5079778178979235,daucus-carota,True,TP
0.930158257484436,0.9157839464937234,knautia-arvensis,True,TP
0.7870988249778748,0.8417998185605953,daucus-carota,True,TP
0.9073816537857056,0.9477803665861091,knautia-arvensis,True,TP
0.8373019099235535,0.8371742684276651,cirsium-oleraceum,True,TP
0.5361196398735046,0.21509397748630618,daucus-carota,False,FP
0.48450416326522827,0.9091660473024065,daucus-carota,True,TP
0.892609715461731,0.9299968811729341,centaurea-jacea,True,TP
0.9783144593238831,0.9688380152306187,knautia-arvensis,True,TP
0.8965629935264587,0.95256738651295,knautia-arvensis,True,TP
0.8646125197410583,0.9748158320027779,daucus-carota,True,TP
0.9418013691902161,0.8506835791644544,knautia-arvensis,True,TP
0.847342848777771,0.8106871379386669,daucus-carota,True,TP
0.9376939535140991,0.9355374672462828,lychnis-flos-cuculi,True,TP
0.681824803352356,0.46634150412588427,daucus-carota,False,FP
0.8714819550514221,0.8103125551535129,knautia-arvensis,True,TP
0.8805411458015442,0.9259744301403545,daucus-carota,True,TP
0.6526341438293457,0.731112459817181,daucus-carota,True,TP
0.5142750144004822,0.8501675688293865,daucus-carota,True,TP
0.2658589780330658,0.0,daucus-carota,False,FP
0.9296109080314636,0.8830983591889501,knautia-arvensis,True,TP
0.2668980658054352,0.7477561829024967,daucus-carota,True,TP
0.2523477077484131,0.0,daucus-carota,False,FP
0.7479075193405151,0.8674156212754173,daucus-carota,True,TP
0.8019391894340515,0.7452039563636952,lychnis-flos-cuculi,True,TP
0.940370500087738,0.9361830616610913,armeria-maritima,True,TP
0.9336215257644653,0.9386414188075335,centaurea-jacea,True,TP
0.7514731287956238,0.8562953977618415,daucus-carota,True,TP
0.7481733560562134,0.9005003091523887,daucus-carota,True,TP
0.9494975805282593,0.9589937736978674,cirsium-oleraceum,True,TP
0.7839941382408142,0.9164200978074671,daucus-carota,True,TP
0.6035617589950562,0.5656232068914212,daucus-carota,True,TP
0.350492924451828,0.10789069725208672,daucus-carota,False,FP
0.8127355575561523,0.8910242144600589,lychnis-flos-cuculi,True,TP
0.9268621206283569,0.9348050300941407,knautia-arvensis,True,TP
0.9122071862220764,0.8750564293437553,armeria-maritima,True,TP
0.8940865397453308,0.7863924773620437,lychnis-flos-cuculi,True,TP
0.957401692867279,0.9875951825557874,lychnis-flos-cuculi,True,TP
0.6381586194038391,0.7522866147592795,daucus-carota,True,TP
0.31544801592826843,0.22951514198076525,daucus-carota,False,FP
0.8500356078147888,0.8582465919595362,knautia-arvensis,True,TP
0.6161081194877625,0.3439294135324672,daucus-carota,False,FP
0.37813231348991394,0.5384738054224167,daucus-carota,True,TP
0.9099173545837402,0.8216973521487188,daucus-carota,True,TP
0.817424476146698,0.793632863604463,daucus-carota,True,TP
0.47934409976005554,0.937277319954443,knautia-arvensis,True,TP
0.9073065519332886,0.8143973428922158,centaurea-jacea,True,TP
0.8266399502754211,0.9255886899664801,daucus-carota,True,TP
0.7509328722953796,0.8315006996975652,daucus-carota,True,TP
0.8680042028427124,0.9632429133025717,daucus-carota,True,TP
0.5471259355545044,0.9375720296555677,lychnis-flos-cuculi,True,TP
0.40424537658691406,0.8101075894107396,daucus-carota,True,TP
0.9106960296630859,0.9628572831639334,knautia-arvensis,True,TP
0.945905864238739,0.8853504908210535,centaurea-jacea,True,TP
0.9298967719078064,0.8796763645770945,lychnis-flos-cuculi,True,TP
0.8711019158363342,0.7689681643797888,centaurea-jacea,True,TP
0.8040306568145752,0.9288399639185219,knautia-arvensis,True,TP
0.2673910856246948,0.5319635944101986,daucus-carota,True,TP
